,Filename,Distance
0,image_0002,6650.67341
1,image_0003,14397.71778
2,image_0004,196.4555
3,image_0005,9006.81127
4,image_0006,9252.33121
