,Filename,Distance
0,image_0042,5.48392
1,image_0002,0.0
2,image_0061,357.35847
3,image_1249,360.46242
4,image_0928,359.28231
5,image_0690,365.12148
