,Filename,Distance
0,image_0001,0.0
1,image_0928,178.12428
2,image_0773,190.08066
3,image_0142,190.20916
4,image_0876,188.54842
5,image_1316,190.22227
